{"text": " Plans are well underway for races to Mars and the Moon in 1992, by SolarSale. The race to Mars is to commemorate Columbus' journey to the New World 500 years ago, and the one to the Moon is to promote the use of SolarSales in space exploration.", "segments": [{"id": 0, "seek": 0, "start": 0.0, "end": 6.32, "text": " Plans are well underway for races to Mars and the Moon in 1992, by SolarSale.", "tokens": [50364, 2149, 599, 366, 731, 27534, 337, 15484, 281, 9692, 293, 264, 10714, 294, 23952, 11, 538, 22385, 50, 1220, 13, 50680], "temperature": 0.0, "avg_logprob": -0.2640693664550781, "compression_ratio": 1.4610778443113772, "no_speech_prob": 0.013091197237372398}, {"id": 1, "seek": 0, "start": 6.88, "end": 11.44, "text": " The race to Mars is to commemorate Columbus' journey to the New World 500 years ago,", "tokens": [50708, 440, 4569, 281, 9692, 307, 281, 30461, 473, 31258, 6, 4671, 281, 264, 1873, 3937, 5923, 924, 2057, 11, 50936], "temperature": 0.0, "avg_logprob": -0.2640693664550781, "compression_ratio": 1.4610778443113772, "no_speech_prob": 0.013091197237372398}, {"id": 2, "seek": 0, "start": 11.44, "end": 16.32, "text": " and the one to the Moon is to promote the use of SolarSales in space exploration.", "tokens": [50936, 293, 264, 472, 281, 264, 10714, 307, 281, 9773, 264, 764, 295, 22385, 50, 4229, 294, 1901, 16197, 13, 51180], "temperature": 0.0, "avg_logprob": -0.2640693664550781, "compression_ratio": 1.4610778443113772, "no_speech_prob": 0.013091197237372398}], "language": "en"}